index,bitstring,energy,prob
0,110001000110100000,10.0,0.0009765625
1,001100000001010000,10.25,0.0009765625
2,010000100001001000,10.25,0.0009765625
3,110000100001001000,10.25,0.0009765625
4,110000001001001000,10.25,0.0009765625
5,110000100100000100,10.25,0.0009765625
6,110000001100000100,10.25,0.0009765625
7,010011100100110000,20.25,0.0009765625
8,110001000110110000,20.25,0.0009765625
9,001101000110110000,20.25,0.0009765625
10,000111011000101000,20.25,0.0009765625
11,010011100001101000,20.25,0.0009765625
12,000001000110110010,20.25,0.0009765625
13,110100011000100110,20.25,0.0009765625
14,000100001001110001,20.25,0.0009765625
15,110000100001101001,20.25,0.0009765625
16,100100011000100101,20.25,0.0009765625
17,000110011000100101,20.25,0.0009765625
18,010010100100100101,20.25,0.0009765625
19,110000000110100101,20.25,0.0009765625
20,000110011000000000,20.5,0.0009765625
21,110000000110000000,20.5,0.0009765625
22,001100000001000000,20.5,0.0019531250000000004
23,011000100001000000,20.5,0.0019531250000000004
24,001100010001000000,20.5,0.0009765625
25,000100011001000000,20.5,0.0009765625
26,000011010000001000,20.5,0.0009765625
27,000011110000001000,20.5,0.0009765625
28,001100100000010100,20.5,0.0009765625
29,000100001000010100,20.5,0.0019531250000000004
30,110000000100010100,20.5,0.0009765625
31,001100000100010100,20.5,0.0009765625
32,110000001100010100,20.5,0.0009765625
33,001100001100010100,20.5,0.0009765625
34,000110001001010100,20.5,0.0009765625
35,110000110000001100,20.5,0.0009765625
36,110000001000001100,20.5,0.0009765625
37,110000001100001100,20.5,0.0009765625
38,010010100001001100,20.5,0.0009765625
39,011000100001001010,20.5,0.0009765625
40,010010100001001010,20.5,0.0009765625
41,000000100001011010,20.5,0.0009765625
42,000010100001011010,20.5,0.0009765625
43,011000100100000110,20.5,0.0009765625
44,000010010000001110,20.5,0.0009765625
45,000000110000001110,20.5,0.0009765625
46,000000010010001110,20.5,0.0009765625
47,001101110000100000,30.5,0.0009765625
48,100101011000100000,30.5,0.0009765625
49,000111111000100000,30.5,0.0009765625
50,000111001100100000,30.5,0.0009765625
51,000111010010100000,30.5,0.0009765625
52,001101110010100000,30.5,0.0009765625
53,000111011010100000,30.5,0.0009765625
54,011001000110100000,30.5,0.0009765625
55,010011100001100000,30.5,0.0009765625
56,000011100100110000,30.5,0.0009765625
57,001001010010101000,30.5,0.0019531250000000004
58,000011010010101000,30.5,0.0009765625
59,011100100001101000,30.5,0.0009765625
60,110001000010111000,30.5,0.0009765625
61,001101000010111000,30.5,0.0009765625
62,110100001000100100,30.5,0.0009765625
63,000011010000100010,30.5,0.0009765625
64,111100000001100010,30.5,0.0009765625
65,000011100000111010,30.5,0.0009765625
66,000011100100111010,30.5,0.0009765625
67,100001000011111010,30.5,0.0009765625
68,001100010000100110,30.5,0.0009765625
69,110000000110100110,30.5,0.0009765625
70,000011110000101110,30.5,0.0019531250000000004
71,000110011000100001,30.5,0.0009765625
72,011000100100100001,30.5,0.0009765625
73,001100010010100001,30.5,0.0009765625
74,110000100001100001,30.5,0.0009765625
75,001100110001100001,30.5,0.0009765625
76,100100001001100001,30.5,0.0009765625
77,000100011001100001,30.5,0.0009765625
78,000011001100110001,30.5,0.0009765625
79,000011010000101001,30.5,0.0009765625
80,001100100001111001,30.5,0.0009765625
81,001100000010110101,30.5,0.0009765625
82,001100010010110101,30.5,0.0009765625
83,001100110000101101,30.5,0.0009765625
84,110000001000101101,30.5,0.0009765625
85,010010100100101101,30.5,0.0009765625
86,110000000110101101,30.5,0.0009765625
87,100000001001111011,30.5,0.0029296874999999996
88,011100100000000000,30.75,0.0009765625
89,000011000100000000,30.75,0.0009765625
90,100001010110000000,30.75,0.0009765625
91,111100001001000000,30.75,0.0009765625
92,011100100011000000,30.75,0.0009765625
93,110000000100010000,30.75,0.0009765625
94,001100001100010000,30.75,0.0009765625
95,010000100000001000,30.75,0.0009765625
96,110000010000001000,30.75,0.0009765625
97,110000001000001000,30.75,0.0009765625
98,001100011000001000,30.75,0.0009765625
99,001100000001001000,30.75,0.0009765625
100,110000110001001000,30.75,0.0009765625
101,110000100101001000,30.75,0.0009765625
102,010000000011001000,30.75,0.0009765625
103,110000100011001000,30.75,0.0009765625
104,000011000100011000,30.75,0.0009765625
105,100001000010011000,30.75,0.0009765625
106,000011000001011000,30.75,0.0009765625
107,010000110000000100,30.75,0.0009765625
108,110000110000000100,30.75,0.0009765625
109,000110110000000100,30.75,0.0009765625
110,001110011000000100,30.75,0.0009765625
111,111000000100000100,30.75,0.0009765625
112,110010000100000100,30.75,0.0009765625
113,000110001100000100,30.75,0.0009765625
114,100100010010000100,30.75,0.0009765625
115,000110001001000100,30.75,0.0009765625
116,110000100101000100,30.75,0.0009765625
117,000000001100010100,30.75,0.0019531250000000004
118,110000001000011100,30.75,0.0009765625
119,010010100001011100,30.75,0.0009765625
120,010000100001000010,30.75,0.0009765625
121,110000100101000010,30.75,0.0009765625
122,000010000001001010,30.75,0.0009765625
123,000000100001001010,30.75,0.0009765625
124,000000010001001010,30.75,0.0009765625
125,001000010110000110,30.75,0.0009765625
126,000100001100010110,30.75,0.0009765625
127,110000001000001110,30.75,0.0009765625
128,110000000010001110,30.75,0.0009765625
129,100000001000011110,30.75,0.0009765625
130,100000000100011110,30.75,0.0009765625
131,000000000001011110,30.75,0.0009765625
132,000010100001011001,30.75,0.0009765625
133,000010010000001101,30.75,0.0009765625
134,000000110000001101,30.75,0.0009765625
135,111100100001100000,40.75,0.0009765625
136,010111100001100000,40.75,0.0009765625
137,010110001001100000,40.75,0.0009765625
138,001111000000110000,40.75,0.0009765625
139,001101010000110000,40.75,0.0009765625
140,001101000100110000,40.75,0.0009765625
141,011001100100110000,40.75,0.0009765625
142,100101001100110000,40.75,0.0009765625
143,001101001100110000,40.75,0.0009765625
144,000101001010110000,40.75,0.0009765625
145,000101011010110000,40.75,0.0009765625
146,011001100110110000,40.75,0.0009765625
147,000111100001110000,40.75,0.0009765625
148,110001000011110000,40.75,0.0009765625
149,110001100000101000,40.75,0.0009765625
150,110011100000101000,40.75,0.0009765625
151,001101110000101000,40.75,0.0009765625
152,001111110000101000,40.75,0.0009765625
153,010011111000101000,40.75,0.0009765625
154,110001100100101000,40.75,0.0009765625
155,110011001100101000,40.75,0.0009765625
156,011001100001101000,40.75,0.0009765625
157,110001100011101000,40.75,0.0009765625
158,000011000100111000,40.75,0.0009765625
159,100001000010111000,40.75,0.0009765625
160,000011000110111000,40.75,0.0009765625
161,000011100001111000,40.75,0.0009765625
162,100001000011111000,40.75,0.0019531250000000004
163,100111011000100100,40.75,0.0009765625
164,010011000100100100,40.75,0.0009765625
165,110100001000110100,40.75,0.0009765625
166,000011110000101100,40.75,0.0009765625
167,110001000010111100,40.75,0.0009765625
168,100100001001100010,40.75,0.0009765625
169,001100000011100010,40.75,0.0009765625
170,000011001000110010,40.75,0.0009765625
171,001011000100110010,40.75,0.0009765625
172,001001000010110010,40.75,0.0009765625
173,110100000001110010,40.75,0.0009765625
174,000011100101110010,40.75,0.0009765625
175,001001010000101010,40.75,0.0009765625
176,001011110000101010,40.75,0.0009765625
177,110100011001101010,40.75,0.0009765625
178,110100000011101010,40.75,0.0009765625
179,001100000001111010,40.75,0.0009765625
180,100100001001111010,40.75,0.0009765625
181,010110110000100110,40.75,0.0009765625
182,010100101000100110,40.75,0.0009765625
183,010110101000100110,40.75,0.0009765625
184,000011010010100110,40.75,0.0009765625
185,110100000001100110,40.75,0.0009765625
186,010100101001100110,40.75,0.0009765625
187,000110001000110110,40.75,0.0009765625
188,000100001100110110,40.75,0.0009765625
189,010000100000101110,40.75,0.0009765625
190,010000110000101110,40.75,0.0009765625
191,011000110000101110,40.75,0.0009765625
192,010010100001101110,40.75,0.0009765625
193,000011100100111110,40.75,0.0009765625
194,001001010010111110,40.75,0.0009765625
195,000011000110111110,40.75,0.0009765625
196,011100100011100001,40.75,0.0009765625
197,000110100001110001,40.75,0.0009765625
198,100100011001110001,40.75,0.0009765625
199,000100001101110001,40.75,0.0019531250000000004
200,001100100011110001,40.75,0.0009765625
201,011000110000101001,40.75,0.0009765625
202,011000000011101001,40.75,0.0009765625
203,000011011000111001,40.75,0.0009765625
204,000000100001111001,40.75,0.0009765625
205,000000000011111001,40.75,0.0009765625
206,000100110000100101,40.75,0.0009765625
207,001100010100100101,40.75,0.0009765625
208,110000000010100101,40.75,0.0009765625
209,100100011001100101,40.75,0.0009765625
210,001100000011100101,40.75,0.0009765625
211,000010000100110101,40.75,0.0009765625
212,000011000100110101,40.75,0.0009765625
213,000000100100110101,40.75,0.0009765625
214,100000001100110101,40.75,0.0009765625
215,001000000110110101,40.75,0.0009765625
216,000000010010101101,40.75,0.0009765625
217,001000010010101101,40.75,0.0009765625
218,001100000000111101,40.75,0.0019531250000000004
219,010010100100100011,40.75,0.0009765625
220,001000100100110011,40.75,0.0009765625
221,000010001100110011,40.75,0.0009765625
222,000000010000101011,40.75,0.0019531250000000004
223,100000011000101011,40.75,0.0009765625
224,001000000011101011,40.75,0.0009765625
225,001000110000100111,40.75,0.0009765625
226,000010000100100111,40.75,0.0009765625
227,100000001100100111,40.75,0.0009765625
228,001000010110100111,40.75,0.0009765625
229,001100000110110111,40.75,0.0009765625
230,100000011000111111,40.75,0.0009765625
231,000000000100111111,40.75,0.0009765625
232,000000000011111111,40.75,0.0009765625
233,110000000000000000,41.0,0.0009765625
234,110000010000000000,41.0,0.0009765625
235,001100111000000000,41.0,0.0009765625
236,000110111000000000,41.0,0.0009765625
237,001110000001000000,41.0,0.0009765625
238,001000000100010000,41.0,0.0009765625
239,000010000100010000,41.0,0.0009765625
240,000011010100010000,41.0,0.0009765625
241,000011101100010000,41.0,0.0009765625
242,000010100001010000,41.0,0.0009765625
243,100000001001010000,41.0,0.0009765625
244,000010001001010000,41.0,0.0009765625
245,000000001101010000,41.0,0.0009765625
246,000011001101010000,41.0,0.0009765625
247,000000000111010000,41.0,0.0009765625
248,100000010000001000,41.0,0.0009765625
249,001000110000001000,41.0,0.0009765625
250,001001110000001000,41.0,0.0009765625
251,000000011000001000,41.0,0.0019531250000000004
252,000011010100001000,41.0,0.0009765625
253,001001000010001000,41.0,0.0009765625
254,011100000001001000,41.0,0.0009765625
255,100000000011001000,41.0,0.0009765625
256,110000001000011000,41.0,0.0009765625
257,000100011001011000,41.0,0.0009765625
258,100100001011011000,41.0,0.0009765625
259,000000110000000100,41.0,0.0019531250000000004
260,000011011000000100,41.0,0.0009765625
261,110100000100000100,41.0,0.0009765625
262,000010000100000100,41.0,0.0009765625
263,000000011100000100,41.0,0.0009765625
264,000010011100000100,41.0,0.0009765625
265,110100010010000100,41.0,0.0009765625
266,100100000100010100,41.0,0.0009765625
267,000110100100010100,41.0,0.0009765625
268,010010001100010100,41.0,0.0009765625
269,000100011100010100,41.0,0.0009765625
270,011000100110010100,41.0,0.0009765625
271,001100010011010100,41.0,0.0009765625
272,111000000000001100,41.0,0.0009765625
273,110010100000001100,41.0,0.0009765625
274,110000111000001100,41.0,0.0009765625
275,010000100010001100,41.0,0.0009765625
276,001000000000011100,41.0,0.0009765625
277,000000010000011100,41.0,0.0009765625
278,001000010000011100,41.0,0.0009765625
279,000000001100011100,41.0,0.0009765625
280,000000011000000010,41.0,0.0009765625
281,000000000100000010,41.0,0.0009765625
282,000010100100000010,41.0,0.0009765625
283,100000001100000010,41.0,0.0009765625
284,000000000110000010,41.0,0.0009765625
285,001100011000010010,41.0,0.0009765625
286,000110011001010010,41.0,0.0009765625
287,110000100101010010,41.0,0.0009765625
288,010010110000001010,41.0,0.0009765625
289,010010110001001010,41.0,0.0009765625
290,110000001011001010,41.0,0.0009765625
291,000000010010011010,41.0,0.0009765625
292,001000000110011010,41.0,0.0009765625
293,100000100001011010,41.0,0.0009765625
294,001000100011011010,41.0,0.0009765625
295,100100001100000110,41.0,0.0009765625
296,000010010000010110,41.0,0.0009765625
297,100000010110010110,41.0,0.0009765625
298,000010000001010110,41.0,0.0009765625
299,000000100101010110,41.0,0.0009765625
300,000010001100001110,41.0,0.0009765625
301,100000001101010001,41.0,0.0009765625
302,001000000001001001,41.0,0.0009765625
303,100000011001001001,41.0,0.0009765625
304,100000000011001001,41.0,0.0009765625
305,000000010011001001,41.0,0.0009765625
306,000000010000000101,41.0,0.0009765625
307,000000011000000101,41.0,0.0019531250000000004
308,000000010110000101,41.0,0.0009765625
309,000000001000011101,41.0,0.0009765625
310,000010011000011101,41.0,0.0009765625
311,001000000001011101,41.0,0.0009765625
312,000010001001011101,41.0,0.0009765625
313,010001100000100000,51.0,0.0009765625
314,001101100000100000,51.0,0.0009765625
315,000111000100100000,51.0,0.0009765625
316,001111000100100000,51.0,0.0009765625
317,111001000010100000,51.0,0.0009765625
318,001111000010100000,51.0,0.0009765625
319,110001011110100000,51.0,0.0009765625
320,001111001001100000,51.0,0.0009765625
321,110011001101100000,51.0,0.0009765625
322,011001100011100000,51.0,0.0009765625
323,000011110000110000,51.0,0.0009765625
324,000001100100110000,51.0,0.0009765625
325,101001000110110000,51.0,0.0009765625
326,000011100001110000,51.0,0.0009765625
327,000011000101110000,51.0,0.0009765625
328,100001000111110000,51.0,0.0009765625
329,000001010000101000,51.0,0.0009765625
330,011111110000101000,51.0,0.0019531250000000004
331,000011000100101000,51.0,0.0009765625
332,100001011010101000,51.0,0.0009765625
333,000001000110101000,51.0,0.0009765625
334,110100000001101000,51.0,0.0009765625
335,001001000011101000,51.0,0.0009765625
336,111101000011101000,51.0,0.0009765625
337,000011010011101000,51.0,0.0009765625
338,110011001100111000,51.0,0.0009765625
339,000111011010111000,51.0,0.0009765625
340,110011001001111000,51.0,0.0009765625
341,010110100000100100,51.0,0.0009765625
342,011101100000100100,51.0,0.0009765625
343,010111001000100100,51.0,0.0009765625
344,011100101000100100,51.0,0.0009765625
345,011100000100100100,51.0,0.0009765625
346,100001010010100100,51.0,0.0009765625
347,001101001100110100,51.0,0.0009765625
348,000111101100110100,51.0,0.0009765625
349,000101011010110100,51.0,0.0009765625
350,001101011000101100,51.0,0.0009765625
351,010011100010101100,51.0,0.0009765625
352,011001100110101100,51.0,0.0009765625
353,000011100000111100,51.0,0.0009765625
354,001001000110111100,51.0,0.0009765625
355,011110100100100010,51.0,0.0009765625
356,001011100100100010,51.0,0.0009765625
357,000011001110100010,51.0,0.0009765625
358,011100100111100010,51.0,0.0009765625
359,000111000000110010,51.0,0.0009765625
360,000100011000110010,51.0,0.0009765625
361,011000100100110010,51.0,0.0009765625
362,001100000010110010,51.0,0.0009765625
363,011001100110110010,51.0,0.0009765625
364,100100001101110010,51.0,0.0009765625
365,001100001011110010,51.0,0.0009765625
366,001100000111110010,51.0,0.0009765625
367,011000100000101010,51.0,0.0009765625
368,010010100101101010,51.0,0.0009765625
369,000001001100111010,51.0,0.0009765625
370,100011000001111010,51.0,0.0009765625
371,010100101001111010,51.0,0.0009765625
372,010110101001111010,51.0,0.0009765625
373,100001001011111010,51.0,0.0009765625
374,000100010010100110,51.0,0.0009765625
375,000100011010100110,51.0,0.0009765625
376,110100101000110110,51.0,0.0009765625
377,000001001100110110,51.0,0.0009765625
378,000011010110101110,51.0,0.0009765625
379,001100010000111110,51.0,0.0009765625
380,001100110000111110,51.0,0.0009765625
381,000110011000111110,51.0,0.0009765625
382,010000100100111110,51.0,0.0009765625
383,000110010000100001,51.0,0.0009765625
384,001100111000100001,51.0,0.0009765625
385,000110111000100001,51.0,0.0009765625
386,011000000100100001,51.0,0.0019531250000000004
387,011010100001100001,51.0,0.0009765625
388,000110110001100001,51.0,0.0009765625
389,100100001101100001,51.0,0.0009765625
390,101100010011100001,51.0,0.0009765625
391,000011110000110001,51.0,0.0009765625
392,110100001000110001,51.0,0.0009765625
393,000010000100110001,51.0,0.0009765625
394,000010100001110001,51.0,0.0009765625
395,000000000101110001,51.0,0.0009765625
396,000000100101110001,51.0,0.0009765625
397,001000010000101001,51.0,0.0009765625
398,000001010000101001,51.0,0.0009765625
399,000000110000101001,51.0,0.0009765625
400,000011100001101001,51.0,0.0009765625
401,001000010001101001,51.0,0.0009765625
402,110010100001111001,51.0,0.0009765625
403,110010001001111001,51.0,0.0009765625
404,000000011000100101,51.0,0.0009765625
405,000010001100100101,51.0,0.0009765625
406,110100000001100101,51.0,0.0009765625
407,110100101001100101,51.0,0.0009765625
408,110100001011100101,51.0,0.0009765625
409,110000000000110101,51.0,0.0009765625
410,001100100011110101,51.0,0.0009765625
411,010000000100101101,51.0,0.0009765625
412,011000100101101101,51.0,0.0009765625
413,000010100000111101,51.0,0.0009765625
414,100000001100111101,51.0,0.0009765625
415,100000010010111101,51.0,0.0019531250000000004
416,000000000001100011,51.0,0.0009765625
417,100000001001100011,51.0,0.0009765625
418,000010011001100011,51.0,0.0009765625
419,001100110001110011,51.0,0.0009765625
420,110000000100101011,51.0,0.0009765625
421,110000000110101011,51.0,0.0009765625
422,000100011001101011,51.0,0.0009765625
423,000000100000111011,51.0,0.0009765625
424,100000000100111011,51.0,0.0009765625
425,000000100100111011,51.0,0.0009765625
426,000010001100111011,51.0,0.0009765625
427,100000010001111011,51.0,0.0009765625
428,000000101001111011,51.0,0.0009765625
429,100000001011111011,51.0,0.0009765625
430,010000001100100111,51.0,0.0009765625
431,000110001001100111,51.0,0.0009765625
432,001100010011100111,51.0,0.0009765625
433,000000001110110111,51.0,0.0009765625
434,100000001110110111,51.0,0.0009765625
435,000010000001110111,51.0,0.0009765625
436,000000000111110111,51.0,0.0009765625
437,000010110100101111,51.0,0.0009765625
438,000000010011101111,51.0,0.0009765625
439,001100001001111111,51.0,0.0009765625
440,000001011000000000,51.25,0.0009765625
441,000100000000010000,51.25,0.0009765625
442,000100011100010000,51.25,0.0009765625
443,000110011100010000,51.25,0.0009765625
444,011000000000001000,51.25,0.0009765625
445,100000010010011000,51.25,0.0009765625
446,000000000110011000,51.25,0.0009765625
447,100010000001011000,51.25,0.0009765625
448,100001000001011000,51.25,0.0009765625
449,001011100001011000,51.25,0.0009765625
450,001110010001000100,51.25,0.0009765625
451,010000000101000100,51.25,0.0009765625
452,001000010000010100,51.25,0.0009765625
453,000011101100010100,51.25,0.0009765625
454,011100100110010100,51.25,0.0009765625
455,001010010000001100,51.25,0.0009765625
456,100000001100001100,51.25,0.0009765625
457,110100011010001100,51.25,0.0009765625
458,100000011001001100,51.25,0.0009765625
459,010010101000011100,51.25,0.0009765625
460,011010100001011100,51.25,0.0009765625
461,111000000011000010,51.25,0.0009765625
462,001000110000010010,51.25,0.0009765625
463,000000001101001010,51.25,0.0009765625
464,001000000001000110,51.25,0.0009765625
465,010000100000010110,51.25,0.0009765625
466,100110001000010110,51.25,0.0009765625
467,000100000010010110,51.25,0.0009765625
468,100100001001001110,51.25,0.0009765625
469,000000100010011110,51.25,0.0009765625
470,000000000100000001,51.25,0.0009765625
471,100000011100000001,51.25,0.0009765625
472,000010011000011001,51.25,0.0009765625
473,000010101001011001,51.25,0.0009765625
474,100000011001011001,51.25,0.0009765625
475,000010001001010101,51.25,0.0009765625
476,001000110100001101,51.25,0.0009765625
477,000000001100001101,51.25,0.0009765625
478,111100011000100000,61.25,0.0009765625
479,000011111000100000,61.25,0.0009765625
480,001001110100100000,61.25,0.0009765625
481,001011110100100000,61.25,0.0009765625
482,110110001100100000,61.25,0.0009765625
483,011100110010100000,61.25,0.0009765625
484,100011000110100000,61.25,0.0009765625
485,110100111001100000,61.25,0.0019531250000000004
486,000101100010110000,61.25,0.0009765625
487,001101011001110000,61.25,0.0009765625
488,000111001010101000,61.25,0.0009765625
489,110001011110101000,61.25,0.0009765625
490,011001100101101000,61.25,0.0009765625
491,110011100011101000,61.25,0.0009765625
492,100001001000111000,61.25,0.0009765625
493,010111001001111000,61.25,0.0009765625
494,001101010011100100,61.25,0.0009765625
495,010110101000110100,61.25,0.0009765625
496,100001001100110100,61.25,0.0009765625
497,000001010010110100,61.25,0.0009765625
498,011100000001110100,61.25,0.0009765625
499,110100010000101100,61.25,0.0009765625
500,010110101000101100,61.25,0.0009765625
501,110100000001101100,61.25,0.0009765625
502,010011000000111100,61.25,0.0009765625
503,001111100000111100,61.25,0.0009765625
504,101101010010111100,61.25,0.0009765625
505,000111001010111100,61.25,0.0009765625
506,101100010000100010,61.25,0.0009765625
507,011010100100100010,61.25,0.0009765625
508,000101000010100010,61.25,0.0009765625
509,011000100110100010,61.25,0.0009765625
510,000110101001100010,61.25,0.0009765625
511,001001000000110010,61.25,0.0009765625
512,001001100001110010,61.25,0.0009765625
513,001001000101110010,61.25,0.0009765625
514,100001001011110010,61.25,0.0009765625
515,111100000111110010,61.25,0.0009765625
516,000001110100101010,61.25,0.0009765625
517,001001011010101010,61.25,0.0009765625
518,011100010001101010,61.25,0.0009765625
519,000101011000111010,61.25,0.0009765625
520,111000000011111010,61.25,0.0009765625
521,110000001011111010,61.25,0.0009765625
522,000011111100100110,61.25,0.0009765625
523,001011010110100110,61.25,0.0009765625
524,010000001100110110,61.25,0.0009765625
525,000111001010110110,61.25,0.0009765625
526,100101011010110110,61.25,0.0009765625
527,100100010000101110,61.25,0.0009765625
528,110011110000101110,61.25,0.0009765625
529,010010011000101110,61.25,0.0009765625
530,111000000010101110,61.25,0.0009765625
531,010000110001101110,61.25,0.0009765625
532,001011000000111110,61.25,0.0009765625
533,011100101000111110,61.25,0.0009765625
534,100011000010111110,61.25,0.0009765625
535,001001010110111110,61.25,0.0009765625
536,011100101001111110,61.25,0.0009765625
537,100011010100100001,61.25,0.0019531250000000004
538,001000010011100001,61.25,0.0009765625
539,000100100100110001,61.25,0.0009765625
540,100100000010110001,61.25,0.0009765625
541,100100010011110001,61.25,0.0009765625
542,010010000100101001,61.25,0.0009765625
543,111000010010101001,61.25,0.0009765625
544,011000010001101001,61.25,0.0009765625
545,011000010011101001,61.25,0.0009765625
546,000010000011111001,61.25,0.0009765625
547,000000010011111001,61.25,0.0009765625
548,100110010000100101,61.25,0.0009765625
549,101100110000100101,61.25,0.0009765625
550,110000111000100101,61.25,0.0009765625
551,001110001100100101,61.25,0.0009765625
552,100000001110110101,61.25,0.0009765625
553,000000000001110101,61.25,0.0009765625
554,010100101001110101,61.25,0.0009765625
555,000000000111110101,61.25,0.0009765625
556,110100000011101101,61.25,0.0009765625
557,101100000010111101,61.25,0.0009765625
558,001000001001110011,61.25,0.0009765625
559,000010011001110011,61.25,0.0009765625
560,101000000011110011,61.25,0.0009765625
561,100000011010101011,61.25,0.0009765625
562,010000101001111011,61.25,0.0009765625
563,100000001001100111,61.25,0.0009765625
564,110000100000110111,61.25,0.0009765625
565,100000010100111111,61.25,0.0009765625
566,011000001100000000,61.5,0.0009765625
567,000110000011000000,61.5,0.0009765625
568,001000000000010000,61.5,0.0009765625
569,000000011000010000,61.5,0.0009765625
570,100000000010010000,61.5,0.0009765625
571,001001001110010000,61.5,0.0019531250000000004
572,000010000011010000,61.5,0.0009765625
573,000001001011010000,61.5,0.0009765625
574,100011000000001000,61.5,0.0009765625
575,100001110010001000,61.5,0.0009765625
576,011100001011001000,61.5,0.0009765625
577,000100010000011000,61.5,0.0009765625
578,010010001000011000,61.5,0.0009765625
579,010000101100011000,61.5,0.0009765625
580,110010001101011000,61.5,0.0009765625
581,001010010000000100,61.5,0.0009765625
582,000000110001000100,61.5,0.0009765625
583,001100111001010100,61.5,0.0009765625
584,000100100011010100,61.5,0.0009765625
585,010000011100001100,61.5,0.0009765625
586,010000001010001100,61.5,0.0009765625
587,001100001011001100,61.5,0.0019531250000000004
588,100000100000011100,61.5,0.0009765625
589,000011100110011100,61.5,0.0009765625
590,001000010110011100,61.5,0.0009765625
591,000000001110011100,61.5,0.0009765625
592,000000000000000010,61.5,0.0009765625
593,011100101001000010,61.5,0.0009765625
594,101100001100010010,61.5,0.0009765625
595,011010100001010010,61.5,0.0009765625
596,100000010100011010,61.5,0.0009765625
597,110010100000000110,61.5,0.0009765625
598,011100100000010110,61.5,0.0009765625
599,101000010001001110,61.5,0.0009765625
600,000000110100010001,61.5,0.0009765625
601,101000010010001001,61.5,0.0009765625
602,000010001000000101,61.5,0.0009765625
603,110000000001100000,71.5,0.0009765625
604,011100000000110000,71.5,0.0009765625
605,001011000000110000,71.5,0.0009765625
606,100001100100110000,71.5,0.0009765625
607,100011010100110000,71.5,0.0009765625
608,111101001010110000,71.5,0.0009765625
609,000001001011110000,71.5,0.0009765625
610,001001100111110000,71.5,0.0009765625
611,111100100000101000,71.5,0.0009765625
612,010101100010101000,71.5,0.0009765625
613,011100010010101000,71.5,0.0009765625
614,010100000001101000,71.5,0.0009765625
615,010001000000111000,71.5,0.0009765625
616,001111101000111000,71.5,0.0009765625
617,000001110000100100,71.5,0.0009765625
618,100001001100100100,71.5,0.0009765625
619,110100110010100100,71.5,0.0009765625
620,000001110010100100,71.5,0.0009765625
621,000011100110100100,71.5,0.0009765625
622,100111010000110100,71.5,0.0009765625
623,100100001100110100,71.5,0.0009765625
624,110011100110110100,71.5,0.0009765625
625,100011010000111100,71.5,0.0009765625
626,110100010100100010,71.5,0.0009765625
627,110100110010100010,71.5,0.0009765625
628,000001011011100010,71.5,0.0009765625
629,010000100110110010,71.5,0.0009765625
630,000100100101110010,71.5,0.0009765625
631,000110001000101010,71.5,0.0009765625
632,000100111000101010,71.5,0.0009765625
633,010010011001101010,71.5,0.0009765625
634,001000000001111010,71.5,0.0009765625
635,000010000001111010,71.5,0.0009765625
636,000001100101111010,71.5,0.0009765625
637,010000011000100110,71.5,0.0009765625
638,110010001101100110,71.5,0.0009765625
639,000010100100110110,71.5,0.0009765625
640,000001011110110110,71.5,0.0009765625
641,001001010100101110,71.5,0.0009765625
642,001110001000111110,71.5,0.0009765625
643,001100101000111110,71.5,0.0009765625
644,100100001010111110,71.5,0.0009765625
645,100100000011111110,71.5,0.0009765625
646,010000001000100001,71.5,0.0009765625
647,010000010010100001,71.5,0.0009765625
648,000110000011100001,71.5,0.0009765625
649,110000110011100001,71.5,0.0009765625
650,001001100000110001,71.5,0.0009765625
651,001000110000110001,71.5,0.0009765625
652,001010010001101001,71.5,0.0009765625
653,010000100110111001,71.5,0.0009765625
654,000110010001111001,71.5,0.0009765625
655,000011001000100101,71.5,0.0009765625
656,001110010010110101,71.5,0.0009765625
657,000000011010100011,71.5,0.0009765625
658,001100101000110011,71.5,0.0009765625
659,101100001101110011,71.5,0.0009765625
660,101000010010110111,71.5,0.0009765625
661,000010100110110111,71.5,0.0009765625
662,000010101101110111,71.5,0.0009765625
663,001010010000000000,71.75,0.0009765625
664,000010001000000000,71.75,0.0009765625
665,011110110100000000,71.75,0.0009765625
666,100010001100000000,71.75,0.0009765625
667,011110101100000000,71.75,0.0009765625
668,110100011101000000,71.75,0.0009765625
669,011100001111000000,71.75,0.0009765625
670,100110101001010000,71.75,0.0009765625
671,011010000000001000,71.75,0.0009765625
672,111000100010001000,71.75,0.0009765625
673,011010000011001000,71.75,0.0009765625
674,000000110010011000,71.75,0.0009765625
675,100001100001011000,71.75,0.0009765625
676,110100100011011000,71.75,0.0009765625
677,111000100010000100,71.75,0.0009765625
678,011010000101000100,71.75,0.0009765625
679,110010000011000100,71.75,0.0009765625
680,100010010100010100,71.75,0.0009765625
681,110010000011000010,71.75,0.0009765625
682,100010010100001010,71.75,0.0009765625
683,011010100101001110,71.75,0.0009765625
684,110010001101001110,71.75,0.0009765625
685,001010011000011110,71.75,0.0009765625
686,001000001000011001,71.75,0.0009765625
687,001011000000100000,81.75,0.0009765625
688,000001101100100000,81.75,0.0009765625
689,010100001010100000,81.75,0.0009765625
690,010110010001100000,81.75,0.0009765625
691,101111001000110000,81.75,0.0009765625
692,011011101100110000,81.75,0.0009765625
693,111001000101110000,81.75,0.0009765625
694,011011010011101000,81.75,0.0009765625
695,101001000100111000,81.75,0.0009765625
696,011110001001111000,81.75,0.0009765625
697,001001000000110100,81.75,0.0009765625
698,110111001001110100,81.75,0.0009765625
699,100001000011110100,81.75,0.0009765625
700,011110000000101100,81.75,0.0009765625
701,000001010100101100,81.75,0.0009765625
702,000011110001101100,81.75,0.0009765625
703,001100100000111100,81.75,0.0009765625
704,100110001101100010,81.75,0.0009765625
705,100001100110101010,81.75,0.0009765625
706,100001100001101010,81.75,0.0009765625
707,010010101000111010,81.75,0.0009765625
708,000000010000100110,81.75,0.0009765625
709,000001111000100110,81.75,0.0009765625
710,110110000110100110,81.75,0.0009765625
711,001100110100101110,81.75,0.0009765625
712,010010000010101110,81.75,0.0009765625
713,000000000110111110,81.75,0.0009765625
714,000010011101100001,81.75,0.0009765625
715,001000100011100001,81.75,0.0009765625
716,100001011011100001,81.75,0.0009765625
717,011000000010110001,81.75,0.0009765625
718,100101001010110001,81.75,0.0009765625
719,000110001101101001,81.75,0.0009765625
720,000110000011101001,81.75,0.0009765625
721,100011010010110101,81.75,0.0009765625
722,000001011010110101,81.75,0.0009765625
723,110100110010101101,81.75,0.0009765625
724,100110001100111101,81.75,0.0009765625
725,001000001001100111,81.75,0.0009765625
726,100110010010000000,82.0,0.0009765625
727,111000001011000000,82.0,0.0009765625
728,001010110100001000,82.0,0.0009765625
729,001000010111001000,82.0,0.0009765625
730,001101100001011000,82.0,0.0009765625
731,000000100010000100,82.0,0.0009765625
732,111010100000001100,82.0,0.0009765625
733,011000001101001100,82.0,0.0009765625
734,110100000011001110,82.0,0.0009765625
735,010000000001011001,82.0,0.0009765625
736,010000001000001101,82.0,0.0009765625
737,011000110000100000,92.0,0.0009765625
738,111011010010100000,92.0,0.0009765625
739,101111010001100000,92.0,0.0009765625
740,010000000101100000,92.0,0.0009765625
741,011011110100111000,92.0,0.0009765625
742,100101011100111000,92.0,0.0009765625
743,100001110100100100,92.0,0.0009765625
744,110101100001100100,92.0,0.0009765625
745,001100101000110100,92.0,0.0009765625
746,100101101000110100,92.0,0.0009765625
747,000110100100110100,92.0,0.0009765625
748,100100001110110100,92.0,0.0009765625
749,011000000010101100,92.0,0.0009765625
750,100001000001111100,92.0,0.0009765625
751,000011101001111100,92.0,0.0009765625
752,000011111010100010,92.0,0.0009765625
753,111100010111100010,92.0,0.0009765625
754,001101001100101010,92.0,0.0009765625
755,110010010010100110,92.0,0.0009765625
756,011110000110110110,92.0,0.0009765625
757,010110011001110110,92.0,0.0009765625
758,100000000001101110,92.0,0.0009765625
759,010110010001101110,92.0,0.0009765625
760,110000010001111110,92.0,0.0009765625
761,001010100000110001,92.0,0.0009765625
762,101000100100110001,92.0,0.0009765625
763,001010010010100011,92.0,0.0009765625
764,000011100110100011,92.0,0.0009765625
765,000100001010101011,92.0,0.0009765625
766,100000110110000000,92.25,0.0009765625
767,101110010000001000,92.25,0.0009765625
768,110010011011001000,92.25,0.0009765625
769,110010011010000100,92.25,0.0009765625
770,000010110010010100,92.25,0.0009765625
771,110100010000001010,92.25,0.0009765625
772,000000111011001010,92.25,0.0009765625
773,101110001001011010,92.25,0.0009765625
774,010100101001011110,92.25,0.0009765625
775,101011010110100000,102.25,0.0019531250000000004
776,111100101011100000,102.25,0.0009765625
777,111000000100110000,102.25,0.0009765625
778,000110110000101000,102.25,0.0009765625
779,011000110011101000,102.25,0.0009765625
780,001110010010100100,102.25,0.0009765625
781,001001001010110100,102.25,0.0009765625
782,000001001011110100,102.25,0.0009765625
783,000001011011101100,102.25,0.0009765625
784,110001101010111100,102.25,0.0009765625
785,001111010001111100,102.25,0.0009765625
786,001110110011100010,102.25,0.0009765625
787,110011110001111010,102.25,0.0009765625
788,100011100000100110,102.25,0.0009765625
789,110000010111101110,102.25,0.0009765625
790,001001001001111110,102.25,0.0009765625
791,001010100000100001,102.25,0.0009765625
792,000010100111100001,102.25,0.0009765625
793,100110010011110001,102.25,0.0009765625
794,111010110001101001,102.25,0.0009765625
795,100001101001111001,102.25,0.0009765625
796,010100111100110101,102.25,0.0009765625
797,011100101010101101,102.25,0.0009765625
798,000110000110111101,102.25,0.0009765625
799,101010000001101011,102.25,0.0009765625
800,101010000100100111,102.25,0.0009765625
801,101000110001111111,102.25,0.0009765625
802,111010110001000000,102.5,0.0009765625
803,101011001100010000,102.5,0.0009765625
804,001001101110010000,102.5,0.0009765625
805,011010011100001100,102.5,0.0009765625
806,110010001111001100,102.5,0.0009765625
807,000100100010001010,102.5,0.0009765625
808,101000001111011010,102.5,0.0009765625
809,011000001111000110,102.5,0.0009765625
810,000110011100001101,102.5,0.0009765625
811,101000000001010111,102.5,0.0009765625
812,100100110000100000,112.5,0.0009765625
813,111000010110100000,112.5,0.0009765625
814,100011100010110000,112.5,0.0009765625
815,110111110001110000,112.5,0.0009765625
816,110110001111110000,112.5,0.0009765625
817,001100111001111000,112.5,0.0009765625
818,110110000010111100,112.5,0.0009765625
819,100010011001100010,112.5,0.0009765625
820,000110101011110010,112.5,0.0009765625
821,011101010010111010,112.5,0.0009765625
822,000101110011100110,112.5,0.0009765625
823,010110010010110110,112.5,0.0009765625
824,010110111010101110,112.5,0.0009765625
825,010001101110100001,112.5,0.0009765625
826,010100011010111101,112.5,0.0009765625
827,000010001111111101,112.5,0.0009765625
828,010011100001101011,112.5,0.0009765625
829,110101000010000000,112.75,0.0009765625
830,001000000100110100,122.75,0.0009765625
831,101011100100110100,122.75,0.0009765625
832,111101101001110100,122.75,0.0009765625
833,001001101000101100,122.75,0.0009765625
834,000000010010101100,122.75,0.0009765625
835,000011011101101100,122.75,0.0009765625
836,110101011011110010,122.75,0.0009765625
837,101001010001101101,122.75,0.0009765625
838,000111010010100011,122.75,0.0009765625
839,001010111100101011,122.75,0.0009765625
840,000000101010001000,123.0,0.0009765625
841,101011000111001000,123.0,0.0009765625
842,010001011100001100,123.0,0.0009765625
843,101010001100000010,123.0,0.0009765625
844,001101000100010010,123.0,0.0009765625
845,100101001001010010,123.0,0.0009765625
846,000111011001001010,123.0,0.0009765625
847,001010001110001110,123.0,0.0009765625
848,000010111110001110,123.0,0.0009765625
849,101110000011011110,123.0,0.0009765625
850,001000101010011101,123.0,0.0009765625
851,001100000010011111,123.0,0.0009765625
852,000010001100110000,133.0,0.0009765625
853,100000000110110000,133.0,0.0009765625
854,000010000101110000,133.0,0.0009765625
855,100001111110101000,133.0,0.0009765625
856,100000000001101000,133.0,0.0009765625
857,100000011000100100,133.0,0.0009765625
858,100000010010100100,133.0,0.0009765625
859,001000000110100100,133.0,0.0009765625
860,001001001101111100,133.0,0.0009765625
861,100100101111110010,133.0,0.0009765625
862,100011111001101110,133.0,0.0009765625
863,011011001000100001,133.0,0.0009765625
864,101110000110100001,133.0,0.0009765625
865,111110001010100101,133.0,0.0009765625
866,101110100000101101,133.0,0.0009765625
867,010001100101101101,133.0,0.0009765625
868,111100101010111101,133.0,0.0009765625
869,100111011000110011,133.0,0.0009765625
870,100101000110110011,133.0,0.0009765625
871,001101000001110011,133.0,0.0009765625
872,001101011000100111,133.0,0.0009765625
873,010011001100100111,133.0,0.0009765625
874,101010010100011000,133.25,0.0009765625
875,100111001001000010,133.25,0.0009765625
876,101100001111001110,133.25,0.0009765625
877,000100100001000011,133.25,0.0009765625
878,010010001000001111,133.25,0.0009765625
879,100000010000100000,143.25,0.0009765625
880,001000000100100000,143.25,0.0009765625
881,000000110100100000,143.25,0.0009765625
882,000000000110100000,143.25,0.0009765625
883,001000100101100000,143.25,0.0009765625
884,011010100011110000,143.25,0.0009765625
885,000000100000111000,143.25,0.0009765625
886,000010010000111000,143.25,0.0009765625
887,000000100100111000,143.25,0.0009765625
888,000010010001111000,143.25,0.0009765625
889,000000000011110100,143.25,0.0009765625
890,001110100010111100,143.25,0.0009765625
891,101000011001110010,143.25,0.0009765625
892,000010001010100110,143.25,0.0009765625
893,111110001010111110,143.25,0.0009765625
894,011011100001100011,143.25,0.0009765625
895,011101110001001000,143.5,0.0009765625
896,010011100001011110,143.5,0.0009765625
897,000110010000010011,143.5,0.0009765625
898,010010001001000111,143.5,0.0009765625
899,010000001101000111,143.5,0.0009765625
900,001100000100011111,143.5,0.0009765625
901,100110001010100000,153.5,0.0009765625
902,101000000011110000,153.5,0.0009765625
903,000000110010100100,153.5,0.0009765625
904,000000011010100100,153.5,0.0009765625
905,001110110011101100,153.5,0.0009765625
906,000000011010111100,153.5,0.0009765625
907,101011100010100010,153.5,0.0009765625
908,001110101110100110,153.5,0.0009765625
909,111110010010110001,153.5,0.0009765625
910,110101100100010100,153.75,0.0009765625
911,010101100010010100,153.75,0.0009765625
912,011011100101011010,153.75,0.0009765625
913,111010101101010110,153.75,0.0009765625
914,010001010000001110,153.75,0.0009765625
915,010100000010000001,153.75,0.0009765625
916,011000100010000011,153.75,0.0009765625
917,101000010110100000,163.75,0.0009765625
918,000000010100111000,163.75,0.0009765625
919,000000001011110100,163.75,0.0009765625
920,101000110000101100,163.75,0.0009765625
921,101110100011110110,163.75,0.0009765625
922,010001001000100011,163.75,0.0009765625
923,011001001100001010,164.0,0.0009765625
924,110001000110000001,164.0,0.0009765625
925,110110001100011101,164.0,0.0009765625
926,001100001110011111,164.0,0.0009765625
927,000000001110101000,174.0,0.0009765625
928,100000001010100100,174.0,0.0009765625
929,000010001110100100,174.0,0.0009765625
930,000010000011100100,174.0,0.0009765625
931,100010100100111100,174.0,0.0009765625
932,000000101101111100,174.0,0.0009765625
933,010011000011111111,174.0,0.0009765625
934,010001110000010110,174.25,0.0009765625
935,000111001001010001,174.25,0.0009765625
936,011100100100000111,174.25,0.0009765625
937,010101110000111001,184.25,0.0009765625
938,001101010000000001,184.5,0.0009765625
939,110001100110000001,184.5,0.0009765625
940,010011100100010101,184.5,0.0009765625
941,010110101001000011,184.5,0.0009765625
942,011010010110000111,184.5,0.0009765625
943,111000001111000111,184.5,0.0009765625
944,000011110000001111,184.5,0.0009765625
945,001000011010110000,194.5,0.0009765625
946,100010011010100100,194.5,0.0009765625
947,111010110011110011,194.5,0.0009765625
948,001101100100010001,194.75,0.0009765625
949,100101000010010001,194.75,0.0009765625
950,001111000001010001,194.75,0.0009765625
951,001111000011010001,194.75,0.0009765625
952,010011000110001001,194.75,0.0009765625
953,110001000001001001,194.75,0.0009765625
954,100101011000000101,194.75,0.0009765625
955,111000110111000011,194.75,0.0009765625
956,001001010000001011,194.75,0.0009765625
957,010100100001001011,194.75,0.0009765625
958,001110011010011011,194.75,0.0009765625
959,110100010010000111,194.75,0.0009765625
960,100010111000100000,204.75,0.0009765625
961,001111110100000001,205.0,0.0009765625
962,001101001001011001,205.0,0.0009765625
963,100101001010010101,205.0,0.0009765625
964,000111001001010101,205.0,0.0009765625
965,001001001101011101,205.0,0.0009765625
966,011100011000000011,205.0,0.0009765625
967,100001000010001111,205.0,0.0009765625
968,001010111010111010,215.0,0.0009765625
969,011101000100100011,215.0,0.0009765625
970,010111000010000110,215.25,0.0009765625
971,110111001000011110,215.25,0.0009765625
972,100101000111010001,215.25,0.0009765625
973,000101011001001001,215.25,0.0009765625
974,010011010110000101,215.25,0.0009765625
975,000011101001001011,215.25,0.0009765625
976,000001011010000111,215.25,0.0009765625
977,100001000000011111,215.25,0.0009765625
978,000010101110100000,225.25,0.0009765625
979,000010111010111000,225.25,0.0009765625
980,011011110010000001,225.5,0.0009765625
981,010001001001011001,225.5,0.0009765625
982,000001100000000011,225.5,0.0009765625
983,110110000100000011,225.5,0.0009765625
984,110101100100110111,235.5,0.0009765625
985,110101010001001010,235.75,0.0009765625
986,011011001100001001,235.75,0.0009765625
987,100101000011000101,235.75,0.0009765625
988,011100001010001011,235.75,0.0009765625
989,101001000100000111,235.75,0.0009765625
990,001011001000011111,235.75,0.0009765625
991,011101010111000010,246.0,0.0009765625
992,100001100000010111,246.0,0.0009765625
993,101101010010010011,287.0,0.0009765625
994,110101001010001101,297.25,0.0009765625
995,011101000011010101,317.75,0.0009765625
996,100101111000000011,317.75,0.0009765625
997,110001100001000111,328.0,0.0009765625
998,110101001100000111,399.75,0.0009765625
999,110101000000000011,410.0,0.0009765625
1000,010101101011010011,440.75,0.0009765625
